{
  "project_info": {
    "project_number": "742420944656",
    "project_id": "hadop-c49c6",
    "storage_bucket": "hadop-c49c6.appspot.com"
  },
  "client": [
    {
      "client_info": {
        "mobilesdk_app_id": "1:742420944656:android:00014dbfd66abb8652b795",
        "android_client_info": {
          "package_name": "com.example.hadop"
        }
      },
      "oauth_client": [
        {
          "client_id": "742420944656-hsjnfq3p31ih2vnf8g0n8k8n0e0h92v5.apps.googleusercontent.com",
          "client_type": 1,
          "android_info": {
            "package_name": "com.example.hadop",
            "certificate_hash": "1c3c35583727b57e3265ab14184579a8ccef9618"
          }
        },
        {
          "client_id": "742420944656-v2geu17jmmpkv5fisl9aa1cnug7cl6la.apps.googleusercontent.com",
          "client_type": 3
        }
      ],
      "api_key": [
        {
          "current_key": "AIzaSyDDim2PXfxwL-DH09mbp4vHblU9-fVHrSw"
        }
      ],
      "services": {
        "appinvite_service": {
          "other_platform_oauth_client": [
            {
              "client_id": "742420944656-v2geu17jmmpkv5fisl9aa1cnug7cl6la.apps.googleusercontent.com",
              "client_type": 3
            }
          ]
        }
      }
    }
  ],
  "configuration_version": "1"
}